year,title,url,sha256,path
1900,1900,https://fraser.stlouisfed.org/docs/publications/stat_abstract/sa_1900.pdf,a87600d8276f91fd562ba56afa5cbe79478b1c96dd526c572cffee8128a8dcdc,data/raw/saus_1900.pdf
1901,1901,https://fraser.stlouisfed.org/docs/publications/stat_abstract/sa_1901.pdf,df77adf53db4343c2c542ba35d406b7e71bef9f7afd81378513917d4322622d8,data/raw/saus_1901.pdf
1902,1902,https://fraser.stlouisfed.org/docs/publications/stat_abstract/sa_1902.pdf,cbe564533bcdc30eab01fc65e14b76bec8a467d811d28c8be93fcf773ee4bc1d,data/raw/saus_1902.pdf
1903,1903,https://fraser.stlouisfed.org/docs/publications/stat_abstract/sa_1903.pdf,59309b1cb8a52a0dbe06e7c3c953faf1a98994bfbb1300f13d22dd9968c9f2d3,data/raw/saus_1903.pdf
1904,1904,https://fraser.stlouisfed.org/docs/publications/stat_abstract/sa_1904.pdf,8e5c9ecc2e8c36ed6a4f295239bb1161f5ae424bb4429cd44a92efd8ae61d258,data/raw/saus_1904.pdf
1905,1905,https://fraser.stlouisfed.org/docs/publications/stat_abstract/sa_1905.pdf,8cd81ce636a32804d0bc8622f0a72b9196d4e11ea50a959871f182c30080d7fd,data/raw/saus_1905.pdf
1906,1906,https://fraser.stlouisfed.org/docs/publications/stat_abstract/sa_1906.pdf,9a0146bdfbef8d387f0d1d1796a41a92a39f01ebe3ba36e2aae67606e510dd38,data/raw/saus_1906.pdf
1907,1907,https://fraser.stlouisfed.org/docs/publications/stat_abstract/sa_1907.pdf,147329c0e46c7685baf23884603cb86dd4206f13634a5d1e427bcd20ed24ad84,data/raw/saus_1907.pdf
1908,1908,https://fraser.stlouisfed.org/docs/publications/stat_abstract/sa_1908.pdf,f2dca12c484a841d2bfbe8a503c2aebde2ae03ee9a9fa190aab765c06cc9d7c5,data/raw/saus_1908.pdf
1909,1909,https://fraser.stlouisfed.org/docs/publications/stat_abstract/sa_1909.pdf,f2c2b66f216c72e60e35fb9064eb3e6cb76afb4388e26fb29b2939961f17f104,data/raw/saus_1909.pdf
1910,1910,https://fraser.stlouisfed.org/docs/publications/stat_abstract/sa_1910.pdf,6e235885f59b60ea1fbf5fea944ec99360939237db21959d6945acf4ef72c841,data/raw/saus_1910.pdf
1911,1911,https://fraser.stlouisfed.org/docs/publications/stat_abstract/sa_1911.pdf,d25d3b146eb519996e66592c363c669110747c46ed670864d8f3c9d3b0f4f607,data/raw/saus_1911.pdf
1912,1912,https://fraser.stlouisfed.org/docs/publications/stat_abstract/sa_1912.pdf,4e52607692d765461b899c33b9fa32e7a91003bac52ebb824d3f949fc968196c,data/raw/saus_1912.pdf
1913,1913,https://fraser.stlouisfed.org/docs/publications/stat_abstract/sa_1913.pdf,458cb6cfee1a6c0fc18c3bb78e144ea44aed6fe7a1c812b4b908b76fb03143f1,data/raw/saus_1913.pdf
1914,1914,https://fraser.stlouisfed.org/docs/publications/stat_abstract/sa_1914.pdf,3d1fcffd9ad066710f867aeffcd5710ac865477c99d9faa1efcf322363f4a3e4,data/raw/saus_1914.pdf
1915,1915,https://fraser.stlouisfed.org/docs/publications/stat_abstract/sa_1915.pdf,679e740fc5148fe9c605fd599347e2d8829d6806fdb1441bc6a6290f1ffa3dbc,data/raw/saus_1915.pdf
1916,1916,https://fraser.stlouisfed.org/docs/publications/stat_abstract/sa_1916.pdf,7c3a042ab5db18d67d15764670f48027bc9b8dc67b37b968db9ac8f65729f352,data/raw/saus_1916.pdf
1917,1917,https://fraser.stlouisfed.org/docs/publications/stat_abstract/sa_1917.pdf,ac2abc316c99323a6cd02de92746afcdeeb7c5421088d9a4849ede9451fbd849,data/raw/saus_1917.pdf
1918,1918,https://fraser.stlouisfed.org/docs/publications/stat_abstract/sa_1918.pdf,2cba5af4ffb86eccd8dddda0a8dd5d533ed70260379959425d885563a6342704,data/raw/saus_1918.pdf
1919,1919,https://fraser.stlouisfed.org/docs/publications/stat_abstract/sa_1919.pdf,f6b416db21e22dd38a28550a0ffc15b89c26ce6b12ab58522bac22dc01bb3b03,data/raw/saus_1919.pdf
1920,1920,https://fraser.stlouisfed.org/docs/publications/stat_abstract/sa_1920.pdf,38252d0308d89890cd94a6109f003119456c7205a1eeea72bc54f2e50ec47bf4,data/raw/saus_1920.pdf
1921,1921,https://fraser.stlouisfed.org/docs/publications/stat_abstract/sa_1921.pdf,9a66d2577379e1584f6964fd5ab807d9c97570afaae901b47e51d488383cb387,data/raw/saus_1921.pdf
1922,1922,https://fraser.stlouisfed.org/docs/publications/stat_abstract/sa_1922.pdf,31fd84d826036483f111896d9644781b73cc9f2e6072ce9dead55a0ad4d5be9c,data/raw/saus_1922.pdf
1923,1923,https://fraser.stlouisfed.org/docs/publications/stat_abstract/sa_1923.pdf,32ac93f8aff5b59c4608e852cb70fb3059c259d177cb8014a70cbc9a61be2809,data/raw/saus_1923.pdf
1924,1924,https://fraser.stlouisfed.org/docs/publications/stat_abstract/sa_1924.pdf,51b368c057e52a4ecaceecbe3cc4e6e523190da6b8fe9c96e2925a017141d451,data/raw/saus_1924.pdf
1925,1925,https://fraser.stlouisfed.org/docs/publications/stat_abstract/sa_1925.pdf,bf51c721b41286bf48ca3ae219ede60c87e82dc4fd31a613f2c9a9bdcc296166,data/raw/saus_1925.pdf
1926,1926,https://fraser.stlouisfed.org/docs/publications/stat_abstract/sa_1926.pdf,5710141f8a9f2ca7dcc9a20a0cb35226c78347902446a660f43f27d1b5fd6581,data/raw/saus_1926.pdf
1928,1928,https://fraser.stlouisfed.org/docs/publications/stat_abstract/sa_1928.pdf,4ddaf3ad55ef1f836fff0b48e1c05437e75b4156ef1c30c2f16602a4e1d6ded0,data/raw/saus_1928.pdf
1929,1929,https://fraser.stlouisfed.org/docs/publications/stat_abstract/sa_1929.pdf,a78d3faf7a951073a162bbc91a8ab7dbc61005ec29b8d9953194db0d8386849b,data/raw/saus_1929.pdf
1930,1930,https://fraser.stlouisfed.org/docs/publications/stat_abstract/sa_1930.pdf,7e8a16bf0276af9f09dfa048c5ebeb28eabc8d960f6ebf315722f7c7b4e45bc4,data/raw/saus_1930.pdf
1931,1931,https://fraser.stlouisfed.org/docs/publications/stat_abstract/sa_1931.pdf,4a72ea2f1a233411cfa076c0b9d6a2d3dd1297eac0fd47f836bbb5f7f3cbe90c,data/raw/saus_1931.pdf
1932,1932,https://fraser.stlouisfed.org/docs/publications/stat_abstract/sa_1932.pdf,522cfda6b0ab1582b80be0d0e67632b43dee2c725c35797bf253010abdd3bcc0,data/raw/saus_1932.pdf
1933,1933,https://fraser.stlouisfed.org/docs/publications/stat_abstract/sa_1933.pdf,0d86760faeec9215ca34ff1aa2e40711f4218895c04569229202dc7f9853c17c,data/raw/saus_1933.pdf
1934,1934,https://fraser.stlouisfed.org/docs/publications/stat_abstract/sa_1934.pdf,dba3c51009cd6a332d9812941e817e6a222b6226b39d22fb4c38cb6030c81780,data/raw/saus_1934.pdf
1935,1935,https://fraser.stlouisfed.org/docs/publications/stat_abstract/sa_1935.pdf,682503a99280c30d9d06ac1114dbfd8f6cd3d6a2e8ffeba15d475ca04d9e99fd,data/raw/saus_1935.pdf
1936,1936,https://fraser.stlouisfed.org/docs/publications/stat_abstract/sa_1936.pdf,cf15089dc2e97d77c04bbd2327d58f5fbb1a9ddb6f5629df5cf208de5047550a,data/raw/saus_1936.pdf
1937,1937,https://fraser.stlouisfed.org/docs/publications/stat_abstract/sa_1937.pdf,1ff8c7878b4a9d7c18b67770391e58a0886048930a71a41dde6bfec15fc1e764,data/raw/saus_1937.pdf
1938,1938,https://fraser.stlouisfed.org/docs/publications/stat_abstract/sa_1938.pdf,103c9c518d62089bbeea5cb9f96916337d6e1d9a06ef18933b8bed01d7a66b1c,data/raw/saus_1938.pdf
1939,1939,https://fraser.stlouisfed.org/docs/publications/stat_abstract/sa_1939.pdf,cb08769714d4c7025ec5dfd95c59a1868cf6b1da390a7b2a1ac59eb8a84862bb,data/raw/saus_1939.pdf
1940,1940,https://fraser.stlouisfed.org/docs/publications/stat_abstract/sa_1940.pdf,5db556a771aaa51212bce9e074330c42a93ea56567058f47c0d1314964d4d748,data/raw/saus_1940.pdf
1941,1941,https://fraser.stlouisfed.org/docs/publications/stat_abstract/sa_1941.pdf,0cda94ca67963b14a2dcaa18eb8376f4c4699ec82f52f431c3f83d2d3f69428a,data/raw/saus_1941.pdf
1942,1942,https://fraser.stlouisfed.org/docs/publications/stat_abstract/sa_1942.pdf,5d862dcbf8b3cf5fd3ce5507cbf4c362debbd33b407e7aae3cc916cdbbedc18a,data/raw/saus_1942.pdf
1943,1943,https://fraser.stlouisfed.org/docs/publications/stat_abstract/sa_1943.pdf,f007dd993daf8719d748c9d602bbf97949f796b0275406be01ea127f9cefff46,data/raw/saus_1943.pdf
1946,1946,https://fraser.stlouisfed.org/docs/publications/stat_abstract/sa_1946.pdf,ab2457ca97ce1936a1cafa4fa975a774ba2c59c93fc8773f0be2e1e9efa58092,data/raw/saus_1946.pdf
1947,1947,https://fraser.stlouisfed.org/docs/publications/stat_abstract/sa_1947.pdf,b83bfc1d2b7629bb5a4b099215eeb2aa0f168c0871d2d5f787b5b30afc140ef6,data/raw/saus_1947.pdf
1948,1948,https://fraser.stlouisfed.org/docs/publications/stat_abstract/sa_1948.pdf,3c36b82843442a2b91dee0cec4ddc80c3e68f48d604993a0a9bd148724adf9bb,data/raw/saus_1948.pdf
1949,1949,https://fraser.stlouisfed.org/docs/publications/stat_abstract/sa_1949.pdf,6150c69436d6b817c24f5913431d278eaff82a0f5e33d68a9c349b2c20b4f478,data/raw/saus_1949.pdf
1950,1950,https://fraser.stlouisfed.org/docs/publications/stat_abstract/sa_1950.pdf,a5b503b83b4c300cfc46df9c6ab1ac613efa0875ac302014ecfd05184227af73,data/raw/saus_1950.pdf
